{
  "bias": 0.024707010572128835,
  "decision_threshold": 0.5,
  "feature_columns": [
    "feature_close",
    "feature_return_1d_lagged",
    "feature_return_5d_lagged",
    "feature_volume"
  ],
  "means": [
    61.90040772115326,
    0.436761347636319,
    0.6047728694903793,
    35218089.880931236
  ],
  "model_type": "logistic_regression",
  "stds": [
    108.89436807067109,
    7.56483438077561,
    6.1980874195831825,
    97159276.86624916
  ],
  "training_spec": {
    "epochs": 550,
    "l2": 0.0005,
    "lr": 0.08,
    "model_type": "logistic_regression",
    "name": "challenger-logreg-l20p0005-thr50-v1",
    "threshold": 0.5
  },
  "version": "challenger-logreg-l20p0005-thr50-v1",
  "weights": [
    0.05707449848460071,
    -0.06977513561883232,
    -0.3265461228933348,
    0.12422047550234469
  ]
}