{
  "bias": 0.024933402254924113,
  "decision_threshold": 0.5,
  "feature_columns": [
    "feature_close",
    "feature_return_1d_lagged",
    "feature_return_5d_lagged",
    "feature_volume"
  ],
  "means": [
    61.90040772115326,
    0.436761347636319,
    0.6047728694903793,
    35218089.880931236
  ],
  "model_type": "logistic_regression",
  "stds": [
    108.89436807067109,
    7.56483438077561,
    6.1980874195831825,
    97159276.86624916
  ],
  "training_spec": {
    "epochs": 550,
    "l2": 0.001,
    "lr": 0.08,
    "model_type": "logistic_regression",
    "name": "challenger-logreg-l20p001-thr50-v1",
    "threshold": 0.5
  },
  "version": "challenger-logreg-l20p001-thr50-v1",
  "weights": [
    0.05696195299854868,
    -0.06890632397406338,
    -0.32311023686411366,
    0.12346295386423076
  ]
}