{
  "version": "day1-logreg-v1",
  "feature_columns": [
    "return_1d",
    "return_5d",
    "rsi_14",
    "macd_hist",
    "vol_ratio_20d"
  ],
  "means": [
    0.0008779157567493332,
    0.00419454656390338,
    53.14224018320031,
    -0.040478432474554515,
    1.006897205345849
  ],
  "stds": [
    0.021626862713452023,
    0.04782431799771334,
    17.642167096824142,
    2.1290987212829515,
    0.4254325765549923
  ],
  "weights": [
    0.007929716711699897,
    0.010040552303819639,
    0.01343072531068603,
    -0.01195532387421972,
    -0.01927229761848901
  ],
  "bias": 0.17464911693754467,
  "decision_threshold": 0.55
}