{
  "version": "alpha-atlas-v1",
  "feature_columns": [
    "return_1d",
    "return_5d",
    "rsi_14",
    "macd_hist",
    "vol_ratio_20d",
    "news_sentiment_score",
    "news_headline_count_24h",
    "news_source_score_72h",
    "news_momentum_24h",
    "news_momentum_72h"
  ],
  "means": [
    0.0011151900211589252,
    0.005577184622922937,
    53.46185942950929,
    0.05056729876668682,
    1.0084907140215014,
    -0.000700467532467532,
    0.14025974025974025,
    0.09596496103896104,
    0.0004446493506493506,
    -0.0006703116883116888
  ],
  "stds": [
    0.0223905801104917,
    0.05060656511891022,
    18.116456978765708,
    2.3558453103724584,
    0.42498841284227645,
    0.08460887893469933,
    0.9037094896181553,
    0.26675417061126705,
    0.0703120267460467,
    0.0847050978036672
  ],
  "weights": [
    0.019428199762953638,
    0.04332122180628069,
    -0.03204231664053851,
    0.05499594679802949,
    0.025920105458104498,
    -0.015214746396610215,
    -0.10444945569637681,
    -0.09912765036600929,
    -0.002314205444696137,
    -0.02093616585451025
  ],
  "bias": 0.18922862991843495,
  "decision_threshold": 0.55
}